keys,en,tr,es
UI_TITLE,"Mr. Mayor: Paper Trail","Sayın Başkanım","Señor Alcalde"
UI_DAY,"Day: {day}","Gün: {day}","Día: {day}"
UI_STAMP_APPROVED,"APPROVED","ONAYLANDI","APROBADO"
UI_STAMP_REJECTED,"REJECTED","REDDEDİLDİ","RECHAZADO"
UI_BRIBE_POCKET,"Pocket Cash","Cebe İndir","Embolsarse"
UI_BUDGET,"City Budget: ${budget}","Şehir Bütçesi: {budget} ₺","Presupuesto: ${budget}"
UI_APPROVAL,"Approval: {opinion}%","Halk Desteği: %{opinion}","Aprobación: {opinion}%"
UI_SUSPICION,"Federal Suspicion: {suspicion}%","Müfettiş Şüphesi: %{suspicion}","Sospecha Federal: {suspicion}%"
UI_WEALTH,"Offshore Funds: ${wealth}","Kişisel Kasa: {wealth} ₺","Fondos Offshore: ${wealth}"
UI_NEXT_DAY,"Next Day","Sonraki Gün","Siguiente Día"
UI_APPLICANT,"Applicant: {applicant}","Başvuran: {applicant}","Solicitante: {applicant}"
UI_BRIBE_OFFERED,"Bribery Offer: ${amount}","Rüşvet Teklifi: {amount} ₺","Oferta de Soborno: ${amount}"
UI_PETITION_HEADER,"OFFICIAL MUNICIPAL PETITION","RESMİ BELEDİYE DİLEKÇESİ","PETICIÓN MUNICIPAL OFICIAL"
UI_CATEGORY,"Category: {category}","Kategori: {category}","Categoría: {category}"
UI_DRAWER_LABEL,"Offshore Safe","Gizli Kasa","Caja Fuerte"
UI_DRAWER_HINT,"Stash Bribe Here","Rüşveti Buraya At","Guardar Soborno"
UI_NO_MORE_DOCS,"Shift completed. Advance to next day.","Mesaî bitti. Sonraki güne geçin.","Turno completado. Avanza al siguiente día."
UI_BRIBE_STASHED,"Bribe Stashed!","Rüşvet Zülfikar Kasasında!","¡Soborno Asegurado!"
UI_TABLOID_HEADER,"THE MUNICIPAL CHRONICLE","ŞEHİR POSTASI","EL CRÓNICA MUNICIPAL"
UI_TABLOID_SUBHEADER,"Evening Satirical Edition • Day {day} Recap","Akşam Baskısı • Gün {day} Özeti","Edición Vespertina • Resumen del Día {day}"
UI_FINANCIAL_REPORT,"SHIFT FINANCIAL BALANCE","GÜNLÜK MALİ TABLO","BALANCE FINANCIERO DEL TURNO"
UI_OFFICIAL_BALANCE,"Treasury: ${budget}","Belediye Kasası: {budget} ₺","Tesorería: ${budget}"
UI_ILLICIT_KICKBACKS,"Offshore Account: ${wealth}","Gizli Kasa: {wealth} ₺","Cuenta Offshore: ${wealth}"
UI_START_NEXT_DAY,"Start Day {day}","{day}. Güne Başla","Comenzar Día {day}"
UI_GAME_OVER_TITLE,"TERM TERMINATED","GÖREV SONA ERDİ","MANDATO FINALIZADO"
UI_RETRY,"Start New Mandate","Yeni Döneme Başla","Iniciar Nuevo Mandato"
UI_FINAL_STATS,"FINAL ADMINISTRATION RECORD","DÖNEM KARNESİ VE BİLANÇO","BALANCE FINAL DE LA GESTIÓN"
UI_DAYS_SURVIVED,"Days in Office: {days} / 30","Görevde Kalınan Gün: {days} / 30","Días en el Cargo: {days} / 30"
UI_FINAL_TREASURY,"Ending Treasury: ${budget}","Kalan Şehir Bütçesi: {budget} ₺","Tesorería Final: ${budget}"
UI_FINAL_STASH,"Personal Offshore Loot: ${wealth}","Cebe İndirilen Servet: {wealth} ₺","Botín Personal Offshore: ${wealth}"
UI_TWITCH_TITLE,"Twitch Chat Polling","Twitch Sohbet Oylaması","Votación de Twitch Chat"
UI_TWITCH_CHANNEL,"Channel: #{channel}","Kanal: #{channel}","Canal: #{channel}"
UI_TWITCH_CONNECT,"Connect","Bağlan","Conectar"
UI_TWITCH_DISCONNECT,"Disconnect","Bağlantıyı Kes","Desconectar"
UI_TWITCH_TOTAL_VOTES,"Votes: {count}","Oy Sayısı: {count}","Votos: {count}"
UI_TWITCH_STATUS_OFFLINE,"Offline","Çevrimdışı","Desconectado"
UI_TWITCH_STATUS_CONNECTED,"Connected to #{channel}","#{channel} kanalına bağlandı","Conectado a #{channel}"
UI_TWITCH_TOGGLE,"Twitch Live","Twitch Yayını","Twitch En Vivo"
UI_TWITCH_APPROVE_VOTES,"Approve: {pct}%","Onayla: %{pct}","Aprobar: {pct}%"
UI_TWITCH_REJECT_VOTES,"Reject: {pct}%","Reddet: %{pct}","Rechazar: {pct}%"
UI_TWITCH_BRIBE_VOTES,"Bribe: {pct}%","Rüşvet: %{pct}","Soborno: {pct}%"
UI_TWITCH_CHANNEL_PLACEHOLDER,"channel_name","kanal_adi","nombre_canal"
END_ARRESTED,"Federal auditors raided city hall! You have been arrested for corruption.","Müfettişler belediyeyi bastı! Yolsuzluktan tutuklandınız.","¡Los auditores asaltaron el ayuntamiento! Has sido arrestado por corrupción."
END_RIOT,"The citizens have revolted! Violent protests forced you to flee the city.","Halk isyan etti! Öfkeli kalabalık belediye binasını bastı, kaçmak zorunda kaldınız.","¡Los ciudadanos se han rebelado! Las violentas protestas te obligaron a huir."
END_BANKRUPT,"Bankruptcy! The municipal treasury is empty and state receivers have taken over.","İflas! Belediye borç batağında, şehre kayyum atandı ve yetkileriniz alındı.","¡Bancarrota! Las arcas están vacías y los interventores estatales han tomado el control."
END_REELECTED,"Victory! Against all odds, you have been re-elected for another 4 years.","Zafer! Tüm skandallara rağmen halk sizi 4 yıl daha seçti.","¡Victoria! Contra todo pronóstico, has sido reelegido por otros 4 años."
END_LOST_ELECTION,"Defeat. The opposition won the ballot. Time to clear your desk.","Yenilgi. Sandıktan muhalefet çıktı. Masanızı toplama vakti.","Derrota. La oposición ganó las elecciones. Hora de recoger tu despacho."
COMP_MEGACORP,"MegaCorp Holdings","Mega Yapı A.Ş.","Corporación Mega"
EVT_001_TITLE,"Riverbed Housing Permit","Dere Yatağı Konut İzni","Permiso Cauce Fluvial"
EVT_001_DESC,"MegaCorp wants to build 20 luxury towers on the dry riverbed. It violates zoning laws, but they brought a gift briefcase.","Mega Yapı A.Ş. dere yatağına 20 katlı rezidans yapmak istiyor. İmara aykırı ama yanlarında bir çanta hediye getirdiler.","MegaCorp quiere construir 20 torres en el lecho del río. Viola la ley, pero trajeron un maletín."
EVT_001_NEWS_APP,"Flood sweeps luxury apartments! Mayor seen on private jet.","Yeni rezidansları su bastı! Başkan helikopter turunda görüntülendi.","¡Las inundaciones arrasan apartamentos de lujo! El alcalde viaja en jet."
EVT_001_NEWS_REJ,"Mayor protects ecological reserves; construction lobby furious.","Başkan rant çetelerine geçit vermedi: Yeşil alan korundu.","El alcalde protege las reservas ecológicas; los constructores enfurecen."
COMP_TRANSIT,"Rapid Transit Consortium","Raylı Sistem Konsorsiyumu","Consorcio de Tránsito Rápido"
EVT_002_TITLE,"Subway Line Kickback","Metro Hattı İhalesi","Licitación Línea de Metro"
EVT_002_DESC,"Transit contractor requests an overpriced extension contract with a discreet kickback to your offshore account.","Müteahhit firma fahiş fiyatlı metro ihalesi karşılığında gizli hesabınıza komisyon teklif ediyor.","El contratista propone una extensión de metro sobrevalorada con comisión secreta."
EVT_002_NEWS_APP,"Ghost subway line breaks city budget! Mayor buys 3rd luxury yacht.","Bitmeyen metro bütçeyi yuttu! Başkan üçüncü lüks yatını aldı.","¡Línea fantasma arruina el presupuesto! El alcalde compra un nuevo yate."
EVT_002_NEWS_REJ,"Overpriced transit contract rejected; public transit modernized fairly.","Fahiş metro ihalesi iptal edildi: Belediye bütçesi korundu.","Contrato abusivo rechazado; el transporte se moderniza de forma transparente."
COMP_DINOPARK,"Golden Amusement Ventures","Altın Dinopark Girişimi","Atracciones Dinosaurio Dorado"
EVT_003_TITLE,"Golden Dinosaur Theme Park","Altın Dinozor Tema Parkı","Parque Temático Dinosaurio de Oro"
EVT_003_DESC,"Developers want to bulldoze the central botanical garden to erect a 50-meter golden robotic T-Rex theme park.","Merkez botanik bahçesini yıkıp yerine 50 metrelik altın robotik dinozor parkı yapmak istiyorlar.","Quieren demoler el jardín botánico para construir un parque con un T-Rex dorado de 50 metros."
EVT_003_NEWS_APP,"Golden dinosaur roars over ruined roses; tourist revenue surges!","Botanik bahçe gitti, altın dinozor geldi: Turist izdihamı!","¡El dinosaurio dorado ruge sobre las flores; crecen los turistas!"
EVT_003_NEWS_REJ,"Mayor saves historic garden; entertainment oligarchs vow revenge.","Başkan botanik parkı korudu: Eğlence baronu öfkeli.","El alcalde salva el jardín histórico; los promotores enfurecidos."
COMP_UNION,"Municipal Sanitation Union","Belediye Temizlik Sendikası","Sindicato de Limpieza Municipal"
EVT_004_TITLE,"Sanitation Workers Wage Strike","Temizlik İşçileri Zam Grevi","Huelga Salarial de Basureros"
EVT_004_DESC,"Sanitation workers demand an inflation-adjusted wage raise or they will leave garbage uncollected citywide.","Temizlik işçileri maaş zammı istiyor; verilmezse çöplerin toplanmayacağını söylüyorlar.","Los basureros exigen un aumento salarial o dejarán la basura sin recoger en toda la ciudad."
EVT_004_NEWS_APP,"Sanitation workers celebrate deal; streets spark cleanly.","İşçilerle uzlaşıldı: Şehir sokakları pırıl pırıl temizlendi.","Los basureros celebran el acuerdo; las calles lucen impecables."
EVT_004_NEWS_REJ,"City drowned in trash mountains! Citizens riot outside city hall.","Çöp dağları şehri yuttu! Vatandaşlar belediyeyi taşladı.","¡Montañas de basura ahogan la ciudad! Ciudadanos protestan con furia."
COMP_ECOCHEM,EcoChem Petrochemical Ltd,Eko-Kimya Petrokimya San. A.Ş.,Petroquímica EcoChem SL
EVT_005_TITLE,"Toxic Waste Dumping Waiver","Atık Boşaltma İzin Muafiyeti","Exención de Vertido de Residuos"
EVT_005_DESC,"EcoChem offers a massive bribe to bypass environmental water safety inspections for their waste pipeline.","Eko-Kimya su arıtma denetimlerini pas geçmek için devasa bir rüşvet çantası teklif ediyor.","EcoQuímica ofrece un cuantioso soborno para saltarse las inspecciones de aguas residuales."
EVT_005_NEWS_APP,"Tap water glows neon green! Mayor insists it's healthy electrolytes.","Musluklardan yeşil su akıyor! Başkan 'şifalı sudur' dedi.","¡El agua del grifo brilla verde! El alcalde afirma que son minerales."
EVT_005_NEWS_REJ,"Toxic dumping ban enforced; mayor acclaimed by environmentalists.","Zehirli atık döken şirkete geçit verilmedi: Çevreciler kutluyor.","Prohibido el vertido tóxico; ecologistas ovacionan al alcalde."
UI_INSPECT_MODE,"INSPECT (SPACE)","İNCELE (BOŞLUK)","INSPECCIONAR (ESPACIO)"
UI_INSPECT_ACTIVE,"INSPECT MODE ACTIVE: Click 2 conflicting data points","İNCELEME MODU AKTİF: Çelişen 2 bilgiyi seçin","MODO INSPECCIÓN: Elige 2 datos contradictorios"
UI_INSPECT_CANCEL,"Exit Inspect Mode","İncelemeden Çık","Salir de Inspección"
UI_DISCREPANCY_FOUND,"DISCREPANCY DETECTED: {violation}","UYUŞMAZLIK TESPİT EDİLDİ: {violation}","¡DISCREPANCIA DETECTADA: {violation}!"
UI_NO_DISCREPANCY,"No Discrepancy Found","Çelişki Bulunamadı","Sin Discrepancias"
UI_REJECT_WITH_CAUSE,"REJECT WITH CAUSE ({count})","GEREKÇELİ REDDET ({count})","RECHAZAR CON CAUSA ({count})"
UI_RULEBOOK_TITLE,"MUNICIPAL CODE MANUAL","BELEDİYE MEVZUAT KİTAPÇIĞI","MANUAL DE CÓDIGO MUNICIPAL"
UI_RULEBOOK_TOGGLE,"Rulebook (TAB)","Mevzuat Kitabı (TAB)","Reglamento (TAB)"
UI_TAB_APPLICATION,"Petition Form","Başvuru Dilekçesi","Formulario de Petición"
UI_TAB_REPORT,"Inspector Report","Müfettiş Raporu","Informe del Inspector"
UI_TAB_BOTH,"Side-by-Side","Yan Yana","Paralelo"
UI_TAB_ZONING,"Zoning & Heights","İmar ve Kat Kuralları","Zonificación y Alturas"
UI_TAB_SEALS,"Official Seals","Resmi Mühürler","Sellos Oficiales"
UI_TAB_BLACKLIST,"Blacklist","Kara Liste","Lista Negra"
UI_TAB_ORDERS,"Directives","Genelgeler","Directivas"
UI_VIOLATIONS_COUNT,"Violations: {count}","Tespit Edilen İhlal: {count}","Infracciones: {count}"
UI_CLEAN_PETITION,"No Violations Detected","Tespit Edilen İhlal Yok","Sin Infracciones"
UI_BRIBE_AVAILABLE,"Cash Envelope Attached!","Evraka Ekli Rüşvet Zarfı!","¡Sobre con Dinero Adjunto!"
DOC_DISTRICT,"Zone: {district}","Bölge: {district}","Zona: {district}"
DOC_FLOORS,"Proposed Height: {floors} Floors","Talep Edilen: {floors} Kat","Altura Propuesta: {floors} Pisos"
DOC_BUDGET,"Declared Budget: ${amount}","Beyan Edilen Bütçe: {amount} ₺","Presupuesto: ${amount}"
DOC_SEAL,"Official Seal: {seal}","Resmi Mühür: {seal}","Sello Oficial: {seal}"
DOC_REG_CODE,"Registration Code: {code}","Kayıt Sicil No: {code}","Código Registro: {code}"
DOC_EXPIRY,"Permit Expiry: {date}","Geçerlilik Tarihi: {date}","Vencimiento: {date}"
DOC_INSPECTOR,"Senior Inspector: {name}","Kıdemli Denetçi: {name}","Inspector Principal: {name}"
DOC_MEASURED_FLOORS,"Survey Height: {floors} Floors","Teknik Ölçüm: {floors} Kat","Altura Medida: {floors} Pisos"
DOC_HAZARD,"Hazard Assessment: {hazard}","Tehlike ve Zemin Riski: {hazard}","Evaluación de Riesgo: {hazard}"
DOC_TAX_STATUS,"Municipal Tax Debt: ${debt}","Belediye Vergi Borcu: {debt} ₺","Deuda Tributaria: ${debt}"
DOC_SOIL_STATUS,"Soil Quality: {status}","Zemin Dayanımı: {status}","Calidad del Suelo: {status}"
DOC_NOTES,"Inspector Notes: {notes}","Denetçi Şerhi: {notes}","Notas del Inspector: {notes}"
DIST_RIVERBED,"Riverbed Basin (Hazard Zone)","Dere Yatağı Taşkın Havzası","Cuenca Fluvial (Riesgo)"
DIST_HISTORIC,"Historic Old Town","Tarihi Merkez","Centro Histórico"
DIST_CENTRAL,"Central Downtown Core","Merkez Ticaret Bölgesi","Distrito Financiero Central"
DIST_GREEN,"Green Belt & Botanical Reserve","Yeşil Kuşak & Botanik Rezervi","Cinturón Verde y Botánico"
DIST_INDUSTRIAL,"Industrial Port District","Sanayi Liman Bölgesi","Distrito Portuario Industrial"
DIST_RESIDENTIAL,"Suburban Residential Quarter","Banliyö Konut Mahallesi","Barrio Residencial Suburbano"
SEAL_MINISTRY_VALID,"Ministry of Urban Planning (AUTHENTIC 2026)","Çevre ve Şehircilik Bakanlığı (ONAYLI 2026)","Min. de Urbanismo (AUTÉNTICO 2026)"
SEAL_MINISTRY_FAKE,"Ministry of Urban Planing (FORGERY - TYPO)","Çevre ve Şehircilik Bakanlıgı (SAHTE MÜHÜR)","Min. de Urbanismo (FALSIFICACIÓN)"
SEAL_EXPIRED_2022,"Ministry Regional Branch (EXPIRED 2022)","Bakanlık Bölge Müdürlüğü (SÜRESİ DOLMUŞ 2022)","Sello Ministerial (VENCIDO 2022)"
SEAL_CHAMBER_VALID,"Chamber of Civil Engineers (VERIFIED)","İnşaat Mühendisleri Odası (VİZELİ)","Colegio de Ingenieros (VERIFICADO)"
SEAL_NONE,"NO OFFICIAL STAMP / UNREGISTERED","RESMİ MÜHÜR YOK / KAYITSIZ","SIN SELLO OFICIAL"
HAZARD_CRITICAL_FLOOD,"CRITICAL: Severe River Flood Hazard","KRİTİK: Ağır Sel ve Taşkın Riski","CRÍTICO: Peligro Severo de Inundación"
HAZARD_HIGH_TOXIC,"DANGER: Toxic Chemical Seepage Risk","TEHLİKE: Zehirli Kimyasal Sızıntı Tehlikesi","PELIGRO: Riesgo de Fuga Química"
HAZARD_SEISMIC,"CRITICAL: Active Major Fault Zone","KRİTİK: Aktif Deprem Fayı Hattı","CRÍTICO: Falla Sísmica Mayor"
HAZARD_NONE,"CLEAR: Zero Geotechnical / Ecological Hazard","TEMİZ: Zemin ve Çevre Riski Bulunmuyor","LIMPIO: Sin Riesgo Ambiental"
SOIL_CRITICAL_UNSTABLE,"Alluvial Mud & Shifting Sand (FAIL)","Alüvyon ve Kaygan Balçık (YETERSİZ)","Lodo Aluvial Inestable (FALLO)"
SOIL_GRADE_A,"Solid Granitic Bedrock (GRADE A)","Sağlam Granit Taban Kayası (A SINIFI)","Roca Firme Granítica (CLASE A)"
VIOL_HEIGHT_LIMIT,"Zoning Height Limit Exceeded","İmar Kat Sınırı Aşıldı","Límite de Altura Excedido"
VIOL_FLOOD_ZONE,"Construction Prohibited in Riverbed Flood Basin","Dere Yatağında İnşaat Yasağı İhlali","Prohibición en Zona Fluvial Violada"
VIOL_FORGED_SEAL,"Counterfeit Official Seal Detected","Sahte Resmi Mühür Tespit Edildi","Sello Oficial Falso Detectado"
VIOL_EXPIRED_SEAL,"Expired Permit Stamp / Outdated Authorization","Süresi Geçmiş Ruhsat / Vize Tarihi","Autorización Vencida"
VIOL_BLACKLIST,"Applicant on Municipal Corruption Blacklist","Şirket Belediye Yolsuzluk Kara Listesinde","Empresa en Lista Negra de Corrupción"
VIOL_TAX_DEBT,"Unpaid Municipal Tax Arrears ($0 required)","Ödenmemiş Belediye Vergi Borcu Mevcut","Deuda de Impuestos Municipales"
VIOL_GREEN_BELT,"Commercial Build in Protected Green Reserve","Yeşil Alanda Ticari Yapılaşma Yasağı İhlali","Construcción Comercial en Reserva Verde"
VIOL_TOXIC_HAZARD,"Illegal Toxic Chemical Seepage Hazard","Zehirli Kimyasal Kirlilik Tehlikesi İhlali","Infracción por Riesgo Químico Tóxico"
RULE_ZONING_HISTORIC,"Historic Old Town: Maximum 4 Floors. Heavy industry, skyscrapers and nightclubs prohibited. Historic facade preservation mandatory.","Tarihi Merkez: Azami 4 Kat. Ağır sanayi, gökdelen ve gece kulüpleri yasaktır. Tarihi dokuyu koruma zorunludur.","Centro Histórico: Máximo 4 pisos. Prohibidos rascacielos y discotecas."
RULE_ZONING_RIVER,"Riverbed Basin: Maximum 2 Floors. Extreme flash flood risk. Heavy residential towers strictly prohibited under Ordinance 104.","Dere Yatağı Havzası: Azami 2 Kat. Ani sel baskını tehlikesi. 104 sayılı genelge uyarınca yüksek konut kuleleri KESİNLİKLE YASAKTIR.","Cuenca Fluvial: Máximo 2 pisos. Alto riesgo de inundación."
RULE_ZONING_CENTRAL,"Central Downtown Core: Maximum 35 Floors. High density corporate offices and residential towers authorized.","Merkez Ticaret Bölgesi: Azami 35 Kat. Yüksek yoğunluklu plazalar ve rezidanslar uygundur.","Distrito Financiero: Máximo 35 pisos. Plazas corporativas autorizadas."
RULE_ZONING_GREEN,"Green Belt Reserve: 0 Commercial Floors. Strictly dedicated to public parks and flora conservation. Zero commercial construction.","Yeşil Kuşak & Botanik Rezervi: 0 Ticari Kat. Yalnızca kamu parkı ve botanik korumaya ayrılmıştır. Ticari inşaat kesinlikle yasaktır.","Cinturón Verde: 0 pisos comerciales. Solo parques públicos."
RULE_ZONING_INDUSTRIAL,"Industrial Port: Maximum 6 Floors. Heavy manufacturing and warehouses permitted. Environmental Board approval mandatory.","Sanayi Liman Bölgesi: Azami 6 Kat. Ağır sanayi tesisleri ve depolar serbesttir. Çevre Kurulu onayı şarttır.","Puerto Industrial: Máximo 6 pisos. Fábricas permitidas con aval ambiental."
RULE_SEAL_GUIDE,"AUTHENTIC SEALS: Must bear 'T.C. ÇEVRE VE ŞEHİRCİLİK' with year 2026. Typo seals ('Bakanlıgı' or 'Planing') and stamps prior to 2026 are COUNTERFEIT.","RESMİ MÜHÜRLER: 'T.C. ÇEVRE VE ŞEHİRCİLİK' yazmalı ve 2026 tarihli olmalıdır. İmla hatalı veya 2026 öncesi mühürler SAHTEDİR.","SELLOS OFICIALES: Deben decir '2026'. Sellos con errores ortográficos son FALSOS."
RULE_BLACKLIST_GUIDE,"BANNED CONTRACTORS: MegaCorp Holdings, Rapid Transit Consortium, Titan Mining Ltd, Golden Amusement Ventures, Shadow Finance LLC, EcoChem Petrochem. ALL PETITIONS MUST BE REJECTED.","KARA LİSTEDEKİ SABIKALI ŞİRKETLER: Mega Yapı A.Ş., Raylı Sistem Konsorsiyumu, Titan Madencilik, Altın Dinopark Girişimi, Gölge Finans Ltd, Eko-Kimya Petrokimya. BAŞVURULARI DERHAL REDDEDİLMELİDİR.","EMPRESAS EN LISTA NEGRA: MegaCorp, Consorcio de Tránsito, Titan Mining, Golden Amusement, Shadow Finance, EcoChem. RECHAZAR OBLIGATORIAMENTE."
RULE_TAX_GUIDE,"TAX REGULATION: Companies with unpaid municipal tax arrears exceeding $0 cannot receive municipal permits under Fiscal Code 88.","VERGİ MEVZUATI: Belediyeye 0 TL üzeri vergi borcu bulunan şirketlere, borç ödenene kadar ruhsat verilmesi Mali Kanun 88 uyarınca yasaktır.","REGLAMENTO FISCAL: Empresas con deudas tributarias no pueden recibir permisos."
RULE_ORDER_D1,"MAYOR'S DIRECTIVE: Flood Alert! Zero-tolerance enforcement on Riverbed Basin zoning violations.","BAŞKANLIK GENELGESİ: Sel Alarmı! Dere yatağı bölgesindeki imar ihlallerine sıfır tolerans uygulayın.","DIRECTIVA: ¡Alerta de Inundación! Cero tolerancia en la cuenca fluvial."
INSP_KAYA,"Senior Inspector Kaya","Başmüfettiş Kaya","Inspector Jefe Kaya"
INSP_GRAVES,"Chief Surveyor Graves","Başdenetçi Graves","Agrimensor Principal Graves"
INSP_SELIN,"Auditor Selin","Uzman Denetçi Selin","Auditora Selin"
COMP_SHADOW,"Shadow Finance LLC","Gölge Finans Paravan Ltd","Finanzas Sombra SL"
COMP_CLINIC,"Municipal Health Foundation","Belediye Sağlık Vakfı","Fundación Municipal de Salud"
COMP_SOLAR,"Clean Energy Cooperative","Temiz Enerji Kooperatifi","Cooperativa Energía Limpia"
COMP_TITAN,"Titan Mining & Metals","Titan Madencilik ve Metal A.Ş.","Titan Minería y Metales"
COMP_FIRE,"Municipal Firefighters Union","İtfaiyeciler Yardımlaşma Sandığı","Sindicato de Bomberos"
COMP_OLIGARCH,"Monaco Aero Aviation","Monako Lüks Havacılık A.Ş.","Monaco Aero Aviación"
EVT_001_INSP_NOTES,"Applicant requests 20 floors directly over alluvial soil in flood basin. Catastrophic risk if heavy rain hits.","Başvuru sahibi taşkın yatağına 20 kat talep ediyor. Şiddetli yağışta çökme ve su baskını kaçınılmazdır.","El solicitante pide 20 pisos sobre suelo aluvial en cuenca fluvial. Riesgo catastrófico."
EVT_002_INSP_NOTES,"Contractor has unresolved municipal tax debt of $65,000 from 2024. Firm is flagged under corruption audit.","Yüklenici firmanın 2024'ten kalma 65.000 ₺ vergi borcu var. Şirket yolsuzluk incelemesindedir.","El contratista tiene deudas tributarias de $65,000. Empresa bajo auditoría."
EVT_003_INSP_NOTES,"Botanical reserve is Grade-1 protected public parkland. Commercial structures and steel dinosaurs strictly forbidden.","Botanik rezerv 1. derece sit alanıdır. Ticari bina ve mekanik dinozor parkı mevzuata tamamen aykırıdır.","La reserva botánica es parque protegido. Estructuras comerciales prohibidas."
EVT_004_INSP_NOTES,"Sanitation union request is legitimate wage adjustment matching official municipal inflation index. Zero violations.","İşçi sendikasının talebi resmi enflasyon oranına uygundur. Hiçbir yasal ihlal bulunmamaktadır.","La solicitud del sindicato es un ajuste salarial legítimo. Cero infracciones."
EVT_005_INSP_NOTES,"Effluent pipe bypasses bio-filters. High risk of carcinogenic compound leaching into city drinking aqueduct.","Tahliye borusu arıtma filtrelerini baypas ediyor. Şehir içme suyuna kanserojen atık karışması kesindir.","La tubería elude los filtros. Alto riesgo de contaminar el agua potable."
EVT_006_TITLE,"Historic Clock Tower Rooftop Penthouse","Tarihi Saat Kulesi Çatı Katı Rezidansı","Ático en Torre del Reloj Histórica"
EVT_006_DESC,"An offshore billionaire wants to convert the municipal 18th-century Clock Tower into a duplex penthouse with jacuzzi.","Denizaşırı bir oligark 18. yüzyıldan kalma tarihi saat kulesini jakuzili dubleks çatı katına çevirmek istiyor.","Un multimillonario offshore quiere convertir la Torre del Reloj del siglo XVIII en un ático con jacuzzi."
EVT_006_INSP_NOTES,"Historic Old Town code caps buildings at 4 floors. Proposal adds 4 extra penthouse levels. Ministry seal appears counterfeit.","Tarihi merkezde azami kat 4'tür. Proje kuleye 4 kaçak kat eklemektedir. Ekli bakanlık mührü açıkça sahtedir.","El código histórico limita a 4 pisos. La propuesta añade 4 pisos. Sello ministerial falsificado."
EVT_006_NEWS_APP,"Billionaire parties atop historic clock; hands stop ticking forever!","Tarihi saat kulesinde jakuzi partisi: 300 yıllık saat durdu!","¡Fiestas en la torre histórica; el reloj se detiene para siempre!"
EVT_006_NEWS_REJ,"Mayor protects city heritage; clock tower chimes with civic pride.","Başkan tarihi mirası korudu: Saat kulesi gururla çalıyor.","El alcalde protege el patrimonio; la torre suena con orgullo cívico."
EVT_007_TITLE,"Community Primary Health Clinic","Halk Sağlığı Poliklinik Başvurusu","Clínica Comunitaria de Salud"
EVT_007_DESC,"A charity foundation requests a permit to open a free pediatric medical clinic in the suburban residential quarter.","Bir hayır vakfı banliyö mahallesine ücretsiz çocuk polikliniği açmak için resmi izin istiyor.","Una fundación benéfica solicita permiso para abrir una clínica pediátrica gratuita."
EVT_007_INSP_NOTES,"All medical and zoning credentials 100% compliant. Seismic Grade A bedrock. Zero debt. Recommended for immediate approval.","Tüm sağlık ve imar evrakları eksiksiz. Zemin A sınıfı sağlam kayaç. Vergi borcu yok. Derhal onaylanması önerilir.","Todas las credenciales médicas y de zonificación cumplen al 100%. Recomendada su aprobación."
EVT_007_NEWS_APP,"New neighborhood clinic opens doors; child vaccination rates hit record!","Yeni halk polikliniği açıldı: Mahallede sağlık bayramı!","¡Abre nueva clínica barrial; récord de vacunación infantil!"
EVT_007_NEWS_REJ,"Mayor denies free health clinic! Furious mothers protest at city hall.","Başkan çocuk polikliniğini engelledi! Anneler belediyeyi bastı.","¡El alcalde rechaza clínica gratuita! Madres protestan con furia."
EVT_008_TITLE,"Children's Chess Club (Underground Casino)","Çocuk Satranç Kulübü (Gizli Kumarhane)","Club de Ajedrez Infantil (Casino Clandestino)"
EVT_008_DESC,"Shadow Finance LLC applies to open a 'youth chess hall', but blueprints detail roulette tables and VIP baccarat salons.","Gölge Finans Ltd 'gençlik satranç kulübü' izni istiyor; ancak mimari planda rulet masaları ve VIP kumar odaları var.","Shadow Finance solicita un 'salón de ajedrez juvenil', pero los planos revelan ruletas y salones de baccarat VIP."
EVT_008_INSP_NOTES,"Applicant is blacklisted Shell Corporation. Stamped with counterfeit ministry seal. Blueprint contains zero chessboards.","Başvuru sahibi kara listedeki paravan şirket. Mühür sahte. Mimari planda tek bir satranç tahtası bile yok.","El solicitante es empresa fantasma en lista negra. Sello falsificado. Planos sin tableros de ajedrez."
EVT_008_NEWS_APP,"Illegal high-stakes casino raided behind 'Chess Club' sign! Mayor embarrassed.","Satranç kulübünden dev kumarhane çıktı! Başkanlık zorda.","¡Casino ilegal tras cartel de 'Ajedrez Infantil'! Escándalo municipal."
EVT_008_NEWS_REJ,"Underground casino front dismantled; mayor praised for razor-sharp audit.","Kumarhane çetesinin paravan oyunu bozuldu: Başkana tebrik yağdı.","Trama de casino desarticulada; alcalde felicitado por auditoría implacable."
EVT_009_TITLE,"Solar Clean Energy Farm","Güneş Enerjisi Santrali Projesi","Parque de Energía Solar"
EVT_009_DESC,"A local cooperative requests permission to install solar panels across arid municipal wastelands outside the city.","Yerel bir kooperatif şehrin atıl arazilerine temiz elektrik üretecek güneş panelleri kurmak istiyor.","Una cooperativa local solicita permiso para instalar paneles solares en tierras áridas."
EVT_009_INSP_NOTES,"Application 100% compliant. Certified Chamber of Engineers seal. Zero environmental contamination. Reduces city power costs.","Başvuru mevzuata %100 uygundur. Mühendisler Odası onaylı. Sıfır atık, şehrin elektrik faturasını düşürecek.","100% conforme. Sello del Colegio de Ingenieros. Reduce costos de electricidad."
EVT_009_NEWS_APP,"City powers up with clean solar grid; electricity bills drop by 30%!","Güneş enerjisi devrede: Halkın elektrik faturaları üçte bir düştü!","¡La ciudad se enciende con energía solar; bajan facturas de luz un 30%!"
EVT_009_NEWS_REJ,"Green energy project blocked by bureaucracy; city stays dependent on coal.","Temiz enerjiye bürokrasi engeli: Şehir kömür dumanına mahkum kaldı.","Energía limpia bloqueada por burocracia; la ciudad sigue atada al carbón."
EVT_010_TITLE,"Titan Chemical Depot by High School","Lise Yanına Kimyasal Depo Başvurusu","Depósito Químico Junto a Escuela"
EVT_010_DESC,"Titan Mining wants to store ammonium nitrate directly adjacent to Central High School to cut transport logistics.","Titan Madencilik nakliye maliyetini düşürmek için Merkez Lisesi'nin hemen bitişiğine amonyum nitrat deposu kurmak istiyor.","Titan Mining quiere almacenar nitrato de amonio junto a la escuela secundaria central."
EVT_010_INSP_NOTES,"Applicant is blacklisted company. Severe toxic explosion risk within 50 meters of classrooms. Expired 2022 seal.","Şirket kara listededir. Sınıflara 50 metre mesafede patlama riski. 2022 tarihli süresi geçmiş mühür kullanılmış.","Empresa en lista negra. Grave riesgo de explosión tóxica junto a aulas. Sello vencido 2022."
EVT_010_NEWS_APP,"Chemical blast shatters high school windows! Citizens call for mayor's head.","Okul yanındaki kimyasal depoda patlama! Şehir ayaklandı.","¡Explosión química rompe ventanas de la escuela! Ciudadanos exigen renuncia."
EVT_010_NEWS_REJ,"Mayor stops dangerous chemical silo; students present mayor with flowers.","Okul yanına patlayıcı deposuna izin yok: Öğrencilerden başkana teşekkür.","El alcalde frena silo químico peligroso; estudiantes entregan flores al alcalde."
EVT_011_TITLE,"Fire Department Fleet Modernization","İtfaiye Araç Filosu Yenileme Fonu","Modernización de la Flota de Bomberos"
EVT_011_DESC,"Firefighters Union petitions for municipal funds to replace 30-year-old defective fire trucks and safety ladders.","İtfaiye teşkilatı 30 yıllık bozuk itfaiye araçlarını ve yangın merdivenlerini yenilemek için bütçe istiyor.","El cuerpo de bomberos pide fondos para reemplazar camiones y escaleras defectuosas de 30 años."
EVT_011_INSP_NOTES,"Crucial public safety petition. Zero discrepancies. Verified budget allocation. Prevents fatal downtown fire hazards.","Hayati kamu güvenliği başvurusu. Sıfır usulsüzlük. Şehirdeki yüksek kat yangınlarına müdahale için zorunludur.","Petición crucial de seguridad pública. Cero discrepancias. Previene incendios fatales."
EVT_011_NEWS_APP,"Modern fire fleet deployed; landmark city library saved from inferno!","Yeni itfaiye filosu can kurtardı: Tarihi kütüphane yangından son anda kurtarıldı!","¡Nueva flota de bomberos en acción; salvan histórica biblioteca del fuego!"
EVT_011_NEWS_REJ,"Defective ladders fail during tower blaze; tragic disaster rocks city.","Eski itfaiye merdiveni kırıldı: Yangında can pazarı, başkana ağır tepki.","Escalera vieja falla en incendio; tragedia sacude la ciudad."
EVT_012_TITLE,"Private Oligarch Helipad on Hospital","Şehir Hastanesi Çatısına Özel Heliped","Helipuerto Privado de Oligarca en Hospital"
EVT_012_DESC,"Monaco Aero offers a fat bribe to seize the Municipal Hospital's emergency trauma roof for billionaire casino shuttles.","Monako Havacılık Şehir Hastanesi'nin acil travma çatısını kumarhane helikopterlerine tahsis etmek için rüşvet öneriyor.","Monaco Aero ofrece un gran soborno para tomar el techo del Hospital Municipal para vuelos privados."
EVT_012_INSP_NOTES,"Structural weight exceeds roof limit by 18 tons. Noise disrupts ICU patients. Forged ministry authorization stamp.","Ağırlık çatı taşıma kapasitesini 18 ton aşıyor. Gürültü yoğun bakımı felç eder. Sahte mühür kullanılmış.","El peso excede el límite del techo por 18 toneladas. Ruido afecta UCI. Sello ministerial falsificado."
EVT_012_NEWS_APP,"Oligarch helicopters buzz intensive care units; doctors walk out in protest!","Hastanenin çatısına kumar helikopterleri iniyor: Doktorlar istifa etti!","¡Helicópteros privados sobre terapia intensiva; médicos protestan!"
EVT_012_NEWS_REJ,"Emergency trauma roof preserved for patients; billionaire's chopper turned away.","Başkan hastane çatısını korudu: Acil ambulans helikopterleri göreve devam ediyor.","Techo de urgencias protegido para pacientes; helicóptero privado rechazado."
UI_HOTLINE_TITLE,"📞 PARTY BOSS (ENCRYPTED LINE)","📞 PARTİ PATRONU (ŞİFRELİ HAT)","📞 JEFE DEL PARTIDO (LÍNEA SEGURA)"
UI_HOTLINE_MSG,"Listen, Mr. Mayor! Divert $30,000 from the municipal budget to our super PAC right now, and our senators will suppress 20% of your federal suspicion!","Dinle Sayın Başkan! Belediye bütçesinden 30.000 ₺'yi hemen gizli fonumuza aktar, senatörlerimiz hakkındaki müfettiş dosyasını %20 kapatsın!","¡Escuche, señor alcalde! Desvíe $30,000 del presupuesto a nuestro fondo ahora mismo y nuestros senadores reducirán un 20% de su sospecha federal."
UI_HOTLINE_ACCEPT,"Wire $30,000 (Drop 20% Suspicion)","30.000 ₺ Gönder (%20 Şüphe Düşür)","Transferir $30,000 (Bajar 20% Sospecha)"
UI_HOTLINE_HANGUP,"Hang Up (Reject Deal)","Telefonu Kapat (Teklifi Reddet)","Colgar (Rechazar Trato)"
UI_HOTLINE_RING,"RINGS!","ÇALIYOR!","¡SUENA!"
UI_SETTINGS_TITLE,"⚙️ MUNICIPAL SETTINGS","⚙️ BELEDİYE AYARLARI","⚙️ AJUSTES MUNICIPALES"
UI_TAB_AUDIO,"AUDIO","SES","AUDIO"
UI_TAB_DISPLAY,"DISPLAY","GÖRÜNTÜ","PANTALLA"
UI_TAB_LANGUAGE,"LANGUAGE","DİL","IDIOMA"
UI_MASTER_VOLUME,"Master Volume: {val}%","Genel Ses: %{val}","Volumen Maestro: {val}%"
UI_SFX_VOLUME,"Sound Effects (SFX): {val}%","Efekt Sesleri (SFX): %{val}","Efectos de Sonido (SFX): {val}%"
UI_MUTE,"Mute Audio","Sesi Kapat","Silenciar"
UI_TEST_AUDIO,"🔔 Test Sound","🔔 Test Sesi Çal","🔔 Probar Sonido"
UI_DISPLAY_MODE,"Window Mode","Ekran Modu","Modo de Pantalla"
UI_MODE_FULLSCREEN,"Fullscreen (Borderless/Exclusive)","Tam Ekran","Pantalla Completa"
UI_MODE_WINDOWED,"Windowed Mode","Pencereli Mod","Modo Ventana"
UI_MODE_BORDERLESS,"Borderless Window","Kenarlıksız Pencere","Ventana Sin Bordes"
UI_RESOLUTION,"Resolution (Windowed)","Çözünürlük (Pencereli)","Resolución (Ventana)"
UI_VSYNC,"Vertical Sync (V-Sync)","Dikey Eşitleme (V-Sync)","Sincronización Vertical"
UI_BTN_RESET_DEFAULTS,"↺ Reset to Defaults","↺ Varsayılanlara Sıfırla","↺ Restablecer"
UI_BTN_SAVE_CLOSE,"✓ Save & Close","✓ Kaydet ve Kapat","✓ Guardar y Cerrar"
UI_SETTINGS_TOOLTIP,"Settings (ESC)","Ayarlar (ESC)","Ajustes (ESC)"
UI_TAB_TWITCH,"TWITCH STREAM","TWITCH YAYINI","TRANSMISIÓN TWITCH"
UI_TWITCH_OVERLAY_TOGGLE,"Toggle Voting Overlay","Canlı Oylama Panelini Aç / Kapat","Alternar Panel de Votación"
UI_TWITCH_DESC,"Enable real-time audience voting via Twitch chat commands (!approve, !reject, !bribe).","İzleyicilerinizin Twitch sohbeti üzerinden (!evet, !hayir, !rusvet) oy vermesini sağlayın.","Permite la votación de la audiencia con comandos de chat (!approve, !reject, !bribe)."
UI_SAVE_LOAD_TITLE_SAVE,"💾 SAVE GAME","💾 OYUNU KAYDET","💾 GUARDAR PARTIDA"
UI_SAVE_LOAD_TITLE_LOAD,"📂 LOAD GAME","📂 KAYITLI OYUNU YÜKLE","📂 CARGAR PARTIDA"
UI_SLOT_EMPTY,"[EMPTY SLOT]","[BOŞ KAYIT]","[ESPACIO VACÍO]"
UI_SLOT_AUTOSAVE,"Autosave","Otomatik Kayıt","Guardado Automático"
UI_SLOT_1,"Slot 1","Kayıt Yuvası 1","Ranura 1"
UI_SLOT_2,"Slot 2","Kayıt Yuvası 2","Ranura 2"
UI_SLOT_3,"Slot 3","Kayıt Yuvası 3","Ranura 3"
UI_BTN_SAVE_HERE,"💾 Save Here","💾 Buraya Kaydet","💾 Guardar Aquí"
UI_BTN_LOAD,"📂 Load Game","📂 Oyunu Yükle","📂 Cargar Partida"
UI_BTN_DELETE,"🗑️ Delete","🗑️ Sil","🗑️ Eliminar"
UI_CONFIRM_OVERWRITE_TITLE,"⚠️ Overwrite Save?","⚠️ Kaydın Üzerine Yazılsın mı?","⚠️ ¿Sobrescribir Partida?"
UI_CONFIRM_OVERWRITE_MSG,"A save already exists in this slot. Do you want to overwrite it?","Bu yuvada kayıtlı bir oyun var. Üzerine yazmak istiyor musunuz?","Ya existe una partida en esta ranura. ¿Deseas sobrescribirla?"
UI_CONFIRM_DELETE_TITLE,"🗑️ Delete Save?","🗑️ Kaydı Sil?","🗑️ ¿Eliminar Partida?"
UI_CONFIRM_DELETE_MSG,"Are you sure you want to permanently delete this save?","Bu kaydı kalıcı olarak silmek istediğinizden emin misiniz?","¿Estás seguro de que deseas eliminar permanentemente esta partida?"
UI_CONFIRM_YES,"Yes","Evet","Sí"
UI_CONFIRM_NO,"Cancel","İptal","Cancelar"
UI_ALIGNMENT_LAWFUL,"Lawful","Dürüst","Honesto"
UI_ALIGNMENT_CORRUPT,"Corrupt","Yozlaşmış","Corrupto"
UI_ALIGNMENT_MODERATE,"Moderate","Dengeli","Moderado"
UI_SAVE_SUCCESS,"💾 Term saved to {slot}!","💾 Görev {slot} konumuna kaydedildi!","💾 ¡Mandato guardado en {slot}!"
UI_LOAD_SUCCESS,"📂 Term loaded from {slot}!","📂 {slot} kaydı yüklendi!","📂 ¡Mandato cargado de {slot}!"
UI_DELETE_SUCCESS,"🗑️ {slot} deleted!","🗑️ {slot} silindi!","🗑️ ¡{slot} eliminado!"
UI_PAUSE_TITLE,"⏸️ PAUSED","⏸️ OYUN DURDURULDU","⏸️ EN PAUSA"
UI_PAUSE_RESUME,"▶️ Resume Game","▶️ Devam Et","▶️ Reanudar"
UI_PAUSE_SAVE,"💾 Save Game","💾 Oyunu Kaydet","💾 Guardar Partida"
UI_PAUSE_LOAD,"📂 Load Game","📂 Kayıtlı Oyunu Yükle","📂 Cargar Partida"
UI_PAUSE_SETTINGS,"⚙️ Settings","⚙️ Ayarlar","⚙️ Ajustes"
UI_PAUSE_MAIN_MENU,"🏠 Main Menu","🏠 Ana Menüye Dön","🏠 Menú Principal"
UI_PAUSE_QUIT,"🚪 Quit to Desktop","🚪 Masaüstüne Çık","🚪 Salir al Escritorio"
UI_CONFIRM_MAIN_MENU_TITLE,"Return to Main Menu?","Ana Menüye Dönülsün mü?","¿Volver al Menú Principal?"
UI_CONFIRM_MAIN_MENU_MSG,"Any unsaved progress since your last save will be lost. Return to menu?","Son kaydınızdan bu yana kaydedilmemiş ilerlemeniz kaybolacak. Ana menüye dönmek istiyor musunuz?","Cualquier progreso no guardado se perderá. ¿Volver al menú?"
UI_CONFIRM_QUIT_TITLE,"Quit to Desktop?","Masaüstüne Çıkılsın mı?","¿Salir al Escritorio?"
UI_CONFIRM_QUIT_MSG,"Are you sure you want to quit the game? Any unsaved progress will be lost.","Oyundan çıkmak istediğinizden emin misiniz? Kaydedilmemiş ilerlemeler kaybolacak.","¿Estás seguro de que deseas salir? El progreso no guardado se perderá."
UI_MAIN_TITLE,"YES, MR. MAYOR","EVET, SAYIN BAŞKAN","SÍ, SEÑOR ALCALDE"
UI_MAIN_SUBTITLE,"A Municipal Deduction & Morality Simulator","Bir Belediye Denetim & Vicdan Simülatörü","Un Simulador Municipal de Deducción y Moral"
UI_BTN_CONTINUE,"▶ Continue Term","▶ Göreve Devam Et","▶ Continuar Mandato"
UI_BTN_NEW_GAME,"⭐ New Term","⭐ Yeni Görev","⭐ Nuevo Mandato"
UI_BTN_LOAD_GAME,"📂 Load Term","📂 Kayıtlı Görevi Yükle","📂 Cargar Mandato"
UI_BTN_SETTINGS,"⚙️ Settings","⚙️ Ayarlar","⚙️ Ajustes"
UI_BTN_HOW_TO_PLAY,"📖 Municipal Manual","📖 Belediye Rehberi","📖 Manual Municipal"
UI_BTN_QUIT,"🚪 Quit to Desktop","🚪 Masaüstüne Çık","🚪 Salir al Escritorio"
UI_CONFIRM_NEW_GAME_TITLE,"Start New Term?","Yeni Göreve Başla?","¿Iniciar Nuevo Mandato?"
UI_CONFIRM_NEW_GAME_MSG,"Starting a new term will begin from Day 1. Existing saves will remain until overwritten. Proceed?","Yeni bir göreve başlamak 1. Günden başlatacaktır. Mevcut kayıtlarınız üzerine yazılana kadar korunur. Devam edilsin mi?","Comenzar un nuevo mandato empezará desde el Día 1. Las partidas guardadas se conservarán hasta que se sobrescriban. ¿Continuar?"
UI_HOW_TO_PLAY_TITLE,"📖 MUNICIPAL CODE & OPERATING MANUAL","📖 BELEDİYE YÖNETİM REHBERİ VE MEVZUATI","📖 CÓDIGO Y MANUAL DE OPERACIONES MUNICIPALES"
UI_HTP_TAB_INSPECT,"🔍 Dossier & Rules","🔍 Dosya & Mevzuat","🔍 Expediente y Reglas"
UI_HTP_TITLE_INSPECT,"DOSSIER AUDIT & CONTRADICTION DETECTION","DOSYA DENETİMİ & MEVZUAT ÇELİŞKİLERİ","AUDITORÍA DE EXPEDIENTES Y CONTRADICCIONES"
UI_HTP_BODY_INSPECT,"Every applicant submits a municipal dossier. Inspect building height, soil grade, riverbed zones, authentic seals, and corruption blacklists against the Official Rulebook. Click discrepancies to mark violations!","Her başvuru sahibi bir belediye imar dosyası sunar. Bina kat sayısını, zemin sınıfını, dere yatağı sınırını, mühür geçerliliğini ve kara listeyi Belediye Mevzuat Kitabı ile karşılaştırın. Çelişkileri ortaya çıkarmak için tıklayın!","Cada solicitante presenta un expediente municipal. Inspeccione la altura, el suelo, las cuencas fluviales, los sellos oficiales y la lista negra comparándolos con el Reglamento Oficial. ¡Haga clic en las discrepancias para marcarlas!"
UI_HTP_TAB_STAMPS,"⚖️ Stamping & Ethics","⚖️ Mühür & Ahlak","⚖️ Sellos y Ética"
UI_HTP_TITLE_STAMPS,"DECISION STAMPS & MUNICIPAL FATE","KARAR MÜHÜRLERİ & ŞEHRİN KADERİ","SELLOS DE DECISIÓN Y DESTINO MUNICIPAL"
UI_HTP_BODY_STAMPS,"Use the GREEN APPROVED stamp to grant permits or the RED REJECTED stamp to deny. Every decision alters Public Opinion and City Treasury. Rejecting corrupt barons earns citizen trust; approving shady megaprojects funds treasury coffers.","Başvuruyu onaylamak için YEŞİL ONAY, reddetmek için KIRMIZI RET mührünü kullanın. Her karar Halk Desteğini ve Belediye Kasasını etkiler. Yozlaşmış baronları reddetmek halk güvenini kazanır; şaibeli projeleri onaylamak ise kasayı doldurur.","Use el sello VERDE DE APROBADO o el ROJO DE RECHAZADO. Cada decisión altera la Opinión Pública y las Arcas Municipales. Rechazar a los magnates corruptos gana la confianza ciudadana; aprobar megaproyectos dudosos financia el tesoro."
UI_HTP_TAB_HOTLINE,"📞 The Red Hotline","📞 Kırmızı Hat","📞 Teléfono Rojo"
UI_HTP_TITLE_HOTLINE,"EMERGENCY DISPATCH & SHADOWY DEMANDS","ACİL ÇAĞRILAR & PERDE ARKASI BASKILAR","DESPACHO DE EMERGENCIA Y EXIGENCIAS OSCURAS"
UI_HTP_BODY_HOTLINE,"When the vintage red telephone rings, pick it up immediately. Underworld kingpins, state governors, and frantic police chiefs will issue ultimatums, crises, and bribes with severe consequences.","Masanızdaki eski kırmızı telefon çaldığında derhal ahizeyi kaldırın. Yeraltı dünyası liderleri, valilik ve emniyet müdürleri ciddi sonuçlar doğuracak ültimatomlar, krizler ve tekliflerle arar.","Cuando suene el teléfono rojo, descuelgue de inmediato. Jefes del hampa, gobernadores y comisarios de policía emitirán ultimátums, crisis y sobornos con graves consecuencias."
UI_HTP_TAB_OFFSHORE,"💼 Offshore Account","💼 Gizli Kasa","💼 Cuenta Offshore"
UI_HTP_TITLE_OFFSHORE,"SWISS VAULT & FEDERAL INVESTIGATION","İSVİÇRE HESABI & MÜFETTİŞ BASKISI","CAJA FUERTE SUIZA E INVESTIGACIÓN FEDERAL"
UI_HTP_BODY_OFFSHORE,"Some dossiers arrive stuffed with dirty cash envelopes. Pocketing bribes inflates your personal Swiss Offshore balance, but beware: excessive corruption triggers federal audits and early imprisonment!","Bazı dosyaların arasına rüşvet zarfları gizlenmiştir. Rüşveti kabul etmek kişisel İsviçre Kasanızı doldurur; ancak dikkat: aşırı yolsuzluk federal müfettişleri harekete geçirir ve hapisle sonuçlanabilir!","Algunos expedientes llegan con sobres de sobornos. Aceptar el dinero infla su cuenta bancaria suiza, pero cuidado: ¡la corrupción excesiva desata investigaciones federales y la cárcel!"
UI_HTP_BTN_CLOSE,"✓ Understood, Mr. Mayor","✓ Anlaşıldı, Sayın Başkan","✓ Entendido, Señor Alcalde"
UI_MAIN_NO_SAVE_PREVIEW,"No saved municipal records found","Kayıtlı belediye kaydı bulunamadı","No se encontraron registros municipales"
UI_TOAST_AUTOSAVE,"💾 Progress Saved (Day {day})","💾 İlerleme Kaydedildi ({day}. Gün)","💾 Progreso Guardado (Día {day})"
UI_GAME_OVER_RESTART,"↺ Restart Term","↺ Görevi Yeniden Başlat","↺ Reiniciar Mandato"
UI_GAME_OVER_MAIN_MENU,"🏠 Main Menu","🏠 Ana Menü","🏠 Menú Principal"
UI_HUD_MENU,"Menu","Menü","Menú"
UI_HUD_MENU_TOOLTIP,"Menu / Pause (ESC)","Menü / Duraklat (ESC)","Menú / Pausa (ESC)"


HAZARD_STRUCTURAL_RISK,CRITICAL: Severe Structural Settlement Risk,KRİTİK: Ağır Statik ve Oturma Riski,CRÍTICO: Riesgo de Asentamiento Estructural
SOIL_GRADE_B,Compacted Silt & Clay (GRADE B),Sıkışmış Silt ve Killi Zemin (B SINIFI),Limo y Arcilla Compactada (CLASE B)
COMP_AURA_TOWERS,Aura Luxury Developments,Aura Lüks Konut A.Ş.,Desarrollos de Lujo Aura
COMP_RIVER_DOCKS,Blue River Waterfront Ltd,Mavi Dere Kıyı İnşaat Ltd,Ribera Azul Promociones SL
COMP_CIVIC_HOUSING,Municipal Social Housing Agency,Belediye Toplu Konut İdaresi,Agencia Municipal de Vivienda Social
COMP_GLOBAL_MALLS,Vanguard Retail Properties,Öncü AVM Yatırımları A.Ş.,Vanguard Propiedades Comerciales
COMP_HERITAGE_ARCHIVE,Civic Heritage & Archive Society,Tarihi Miras ve Arşiv Derneği,Sociedad del Patrimonio y Archivo Cívico
COMP_EMERALD_DEV,Verdant Heights Estates,Zümrüt Tepe Konutları A.Ş.,Alturas Esmeralda SL
COMP_SOLAR_CIVIC,Metropolitan Clean Energy Co-op,Büyükşehir Güneş Enerjisi Kooperatifi,Cooperativa Solar Metropolitana
COMP_PUBLIC_CARE,Suburban Early Education Trust,Mahalle Çocuk Gelişim Vakfı,Fundación de Educación Infantil Barrial
COMP_RIVER_SALVAGE,Apex Scrap & Heavy Logistics,Zirve Hurda ve Metal Sanayi,Desguaces y Logística Ápice
COMP_CITY_GREENS,Municipal Parks & Horticulture Dept,Belediye Park ve Bahçeler Müdürlüğü,Depto. Municipal de Parques y Jardines
COMP_CIVIC_ENG,Chamber of Certified Structural Engineers,TMMOB Yapı Denetim Birliği,Colegio Oficial de Ingenieros Estructurales
COMP_DELTA_CONCRETE,Delta Bulk Aggregates,Delta Agrega ve Çimento A.Ş.,Áridos y Hormigones Delta
COMP_HISTORIC_TRUST,Metropolitan Antiquities Conservation Trust,Kentsel Tarihi Eserleri Koruma Vakfı,Fideicomiso de Conservación del Patrimonio Histórico
COMP_COMMUNITY_SPORTS,District Youth Sports Foundation,Semt Gençlik ve Spor Kulüpleri Birliği,Asociación Deportiva Juvenil del Distrito
COMP_ASPHALT_KINGS,Imperial Parking & Paving Ltd,İmparator Otopark ve Asfalt Ltd,Aparcamientos Imperiales SL
COMP_PINE_CLUB,Alpine Glamping & Hospitality LLC,Yayla Lüks Çadır ve Eğlence Ltd,Glamping y Ocio Alpino SL
EVT_013_TITLE,Aura Luxury Towers Permit,Aura Rezidans Kuleleri Ruhsatı,Permiso Torres de Lujo Aura
EVT_013_DESC,Aura Developments petitions to erect a 12-floor gilded condominium directly over the cobblestone alleys of the Historic Old Town.,"Aura İnşaat, Tarihi Merkezin taş sokaklarının tam ortasına 12 katlı altın kaplama lüks rezidans dikmek için ruhsat istiyor.",Aura Desarrollos solicita erigir un condominio dorado de 12 pisos sobre las calles históricas de la Ciudad Vieja.
EVT_013_INSP_NOTES,"Historic code strictly caps height at 4 floors. Ministry stamp is a brazen forgery with spelling errors. Firm owes $45,000 in municipal back taxes.",Tarihi bölgede azami kat 4'tür. Ekli bakanlık mührü bariz imla hatalı bir sahteciliktir. Şirketin belediyeye 45.000 ₺ vergi borcu var.,"El código histórico limita a 4 pisos. El sello ministerial es falso. La empresa adeuda $45,000 en impuestos municipales."
EVT_013_NEWS_APP,12-Storey concrete monolith blights Historic Old Town; Mayor defends 'modernization'!,Tarihi kentin göbeğine 12 katlı beton hançer saplandı: Başkan 'estetik kattık' dedi!,¡Monolito de 12 pisos arruina el casco histórico; el alcalde defiende la 'modernidad'!
EVT_013_NEWS_REJ,Mayor shuts down illegal historic high-rise; heritage architecture protected!,Başkan tarihi dokuyu ranta kurban etmedi: Kaçak gökdelene geçit yok!,¡El alcalde frena rascacielos ilegal; se preserva la arquitectura patrimonial!
EVT_014_TITLE,Riverbed Marina Villas,Dere Yatağı Marina Villaları,Villas Marina en Cauce Fluvial
EVT_014_DESC,Blue River Waterfront Ltd seeks authorization for an 8-floor luxury marina complex right inside the dry riverbed flood basin.,"Mavi Dere Kıyı İnşaat, kurumuş dere yatağı taşkın havzasına 8 katlı lüks marina villaları kompleksi inşa etmek için izin istiyor.",Blue River Waterfront busca autorización para un complejo de 8 pisos en la cuenca fluvial de inundación.
EVT_014_INSP_NOTES,Riverbed basin ceiling is 2 floors under Ordinance 104. Soil is unstable shifting mud. Extreme flash flood risk during autumn storms.,104 sayılı genelgeye göre dere yatağında azami 2 kat serbesttir. Zemin kaygan balçık olup sonbahar sağanaklarında sel riski kaçınılmazdır.,Límite de 2 pisos en cuenca fluvial según Ordenanza 104. Suelo inestable. Riesgo crítico de inundación repentina.
EVT_014_NEWS_APP,River overflow submerges new marina villas; residents evacuated in rubber dinghies!,"Dere taştı, yeni marina villalarını su bastı: Lüks daire sakinleri botlarla tahliye edildi!",¡El río se desborda y sepulta las villas; evacúan a los vecinos en lanchas de goma!
EVT_014_NEWS_REJ,Mayor blocks reckless riverbed sprawl; flood plains preserved as natural buffer!,Başkan sel yatağı vurgununu engelledi: Şehir dere yatağı felaketinden kurtuldu!,¡El alcalde detiene edificación en cuenca fluvial; llanuras protegidas como aliviadero!
EVT_015_TITLE,Municipal Social Housing Block A,Belediye Sosyal Konut Projesi Blok A,Vivienda Social Municipal Bloque A
EVT_015_DESC,The Civic Housing Agency petitions for construction funding to erect a 5-floor low-income apartment complex in the residential district.,"Belediye Toplu Konut İdaresi, dar gelirli aileler için banliyö mahallesine 5 katlı sosyal konut inşaatı ödeneği talep ediyor.",La Agencia de Vivienda solicita fondos para construir un bloque social de 5 pisos para familias trabajadoras.
EVT_015_INSP_NOTES,Fully compliant with suburban residential codes. Grade A granitic bedrock. Zero tax arrears. Authentic 2026 Ministry seal verified.,Banliyö imar planına tamamen uygundur. Zemin A sınıfı sağlam kayaçtır. Vergi borcu yoktur. Bakanlık mührü orijinal ve onaylıdır.,Totalmente conforme al código residencial. Roca firme Clase A. Sin deudas. Sello ministerial 2026 verificado.
EVT_015_NEWS_APP,Keys handed to 80 low-income families; municipal social housing initiative lauded!,80 dar gelirli aile sıcak yuvaya kavuştu: Belediye sosyal konut atağı takdir topladı!,¡Entregan llaves a 80 familias obreras; aplauden la iniciativa de vivienda municipal!
EVT_015_NEWS_REJ,Mayor cancels working-class housing project; homeless families stage sit-in at council!,Başkan dar gelirli konut projesini iptal etti: Evsiz aileler belediye önünde çadır kurdu!,¡El alcalde cancela viviendas populares; familias sin techo acampan ante el ayuntamiento!
EVT_016_TITLE,Historic Silk Bazaar Demolition & Strip Mall,Tarihi İpek Hanı Yıkımı ve AVM İzni,Demolición del Bazar Histórico y Centro Comercial
EVT_016_DESC,"Vanguard Retail offers a $75,000 'civic donation' to demolish the 400-year-old Silk Bazaar and construct an 8-floor glass shopping mall.","Öncü AVM Yatırımları, 400 yıllık tarihi İpek Hanı'nı yıkarak yerine 8 katlı cam kaplama alışveriş merkezi yapmak için 75.000 ₺ rüşvet teklif ediyor.","Vanguard Retail ofrece $75,000 bajo cuerda para demoler el Bazar de la Seda de 400 años y erigir un centro comercial de 8 pisos."
EVT_016_INSP_NOTES,"Historic district bans buildings over 4 floors and forbids demolishing protected heritage monuments. Ministry seal is forged. $80,000 tax arrears.",Tarihi alanda 4 kat sınırı vardır ve koruma altındaki hanların yıkımı kanunen yasaktır. Mühür sahte olup firmanın 80.000 ₺ vergi borcu mevcuttur.,"Zona histórica limita a 4 pisos y prohíbe demoliciones patrimoniales. Sello falsificado. Deuda tributaria de $80,000."
EVT_016_NEWS_APP,Wrecking balls smash 400-year-old historic bazaar; Mayor cuts ribbon for fast-fashion mall!,400 yıllık ata yadigarı İpek Hanı dozerlerle yıkıldı: Tarihin yerine fast-food dükkanları açıldı!,¡Excavadoras derriban bazar de 400 años; el alcalde inaugura un centro de moda rápida!
EVT_016_NEWS_REJ,Historic bazaar saved from bulldozers; artisan guilds celebrate Mayor's resolve!,Başkan tarihi hanı dozerlerden kurtardı: Esnaf ve tarihçiler meydanda kutlama yaptı!,¡El bazar histórico se salva de las palas; gremios artesanos celebran la decisión municipal!
EVT_017_TITLE,Historic District Stone Library Restoration,Tarihi Taş Kütüphane Restorasyon Projesi,Restauración de la Biblioteca Histórica de Piedra
EVT_017_DESC,The Heritage & Archive Society requests approval to restore a 2-floor classical stone municipal library and rare manuscript vault.,"Tarihi Miras Derneği, 2 katlı tarihi taş kütüphanenin ve nadir el yazmaları arşivinin restorasyonu için onay istiyor.",La Sociedad del Patrimonio solicita permiso para restaurar la biblioteca de piedra de 2 pisos y su archivo de manuscritos.
EVT_017_INSP_NOTES,Proposed height is 2 floors (well under 4-floor limit). Full heritage commission clearance. Grade A bedrock. Zero tax debt. Fully authentic.,"Talep 2 kattır (4 kat sınırının oldukça altındadır). Kültür Varlıklarını Koruma Kurulu onaylıdır. Zemin A sınıfı, vergi borcu yoktur.",Propuesta de 2 pisos (bajo el límite de 4). Aval de la comisión de patrimonio. Roca Clase A. Sin deudas.
EVT_017_NEWS_APP,Historic library reopens with ancient city scrolls; cultural pride sweeps downtown!,Tarihi kütüphane aslına uygun yenilendi: Kadim şehir arşivi halkın hizmetinde!,¡Reabre la biblioteca histórica con códices antiguos; orgullo cívico en el centro!
EVT_017_NEWS_REJ,Restoration permit denied; rare century-old city archives rot from leaky roof!,Kütüphane restorasyonuna ret: Asırlık el yazmaları akan çatının altında çürümeye terk edildi!,¡Deniegan la restauración; códices centenarios se pudren bajo goteras por desidia oficial!
EVT_018_TITLE,Emerald Ridge Gated Concrete Towers,Zümrüt Tepe Orman İçi Rezidans Kuleleri,Torres de Hormigón en Alturas Esmeralda
EVT_018_DESC,Verdant Heights Estates petitions to clear 15 hectares of pine trees in the Green Belt Reserve to construct 10-floor VIP gated towers.,"Zümrüt Tepe A.Ş., Yeşil Kuşak Orman Rezervinden 15 hektarlık çamlığı kesip 10 katlı korunaklı lüks kuleler dikmek için izin istiyor.",Alturas Esmeralda solicita talar 15 hectáreas de pinar en el Cinturón Verde para erigir torres de lujo de 10 pisos.
EVT_018_INSP_NOTES,Green Belt Reserve code dictates ZERO commercial floors. Attached permit stamp is an expired 2022 regional branch seal.,Yeşil Kuşak ve Tabiat Rezervinde ticari yapılaşma kesinlikle 0 kattır. Evraktaki mühür süresi 2022'de dolmuş geçersiz bir vizedir.,El código del Cinturón Verde prohíbe pisos comerciales (cero pisos). El sello presentado caducó en 2022.
EVT_018_NEWS_APP,Chainsaws fell ancient pine forest for billionaire condos; Mayor gets luxury penthouse!,"Yeşil Kuşağın ciğerleri söküldü: Asırlık çamlar kesildi, yerine beton villalar dikildi!",¡Motosierras arrasan pinares protegidos por torres de lujo; el alcalde obtiene un ático!
EVT_018_NEWS_REJ,Mayor stops deforestation racket; Green Belt wilderness protected for city youth!,Başkan yeşil katliamına 'dur' dedi: Orman arazisi rant lobisinin elinden kurtarıldı!,¡El alcalde frena el asalto al bosque; el Cinturón Verde queda a salvo del hormigón!
EVT_019_TITLE,Central Municipal Solar Rooftop Grid,Merkez Ticaret Bölgesi Çatı Güneş Santrali,Red Solar en Tejados del Distrito Central
EVT_019_DESC,Metropolitan Clean Energy Co-op applies to install solar photovoltaic panels and a 1-floor micro-substation atop municipal downtown buildings.,"Büyükşehir Güneş Enerjisi Kooperatifi, merkez kamu binalarının çatılarına güneş panelleri ve 1 katlı trafo merkezi kurmak istiyor.",La Cooperativa Solar solicita instalar paneles fotovoltaicos y una subestación de 1 piso en tejados municipales del centro.
EVT_019_INSP_NOTES,Single-story utility infrastructure in Central Core (limit 35). Chamber of Engineers verified. Zero tax arrears. Recommended.,Merkez bölgesinde 1 katlı altyapı tesisi (sınır 35 kattır). İnşaat Mühendisleri Odası vizelidir. Vergi borcu yoktur. Onaylanmalıdır.,Infraestructura de 1 piso en el centro (límite de 35). Verificado por el Colegio de Ingenieros. Sin deudas.
EVT_019_NEWS_APP,Rooftop solar network cuts city hall electric bills by 40%; green energy celebrated!,Belediye binaları yeşil enerjiye geçti: Elektrik faturasında %40 tasarruf!,¡La red solar en azoteas reduce un 40% el gasto eléctrico municipal; triunfo ecológico!
EVT_019_NEWS_REJ,Mayor rejects green energy co-op; city continues burning expensive coal power!,Başkan güneş enerjisi projesini geri çevirdi: Belediye kirli kömür elektriğine mahkum!,¡El alcalde rechaza la energía limpia; la ciudad seguirá quemando carbón contaminante!
EVT_020_TITLE,Titan Cement & Mortar Batching Plant,Titan Çimento ve Hazır Beton Santrali,Planta de Hormigón y Morteros Titan
EVT_020_DESC,Titan Mining & Metals applies to install an open-air industrial concrete batching plant next to residential suburban apartment blocks.,"Kara listedeki Titan Madencilik, banliyö mahallesinin tam ortasına toz saçan dev bir hazır beton santrali kurmak için başvuruyor.",Titan Minería (en lista negra) solicita instalar una planta de hormigón a cielo abierto junto a bloques residenciales.
EVT_020_INSP_NOTES,"Applicant is on the Municipal Corruption Blacklist. Firm carries an unpaid tax debt of $110,000. Industrial dust threatens residential schools.",Firma Belediye Yolsuzluk Kara Listesindedir. Belediyeye 110.000 ₺ ödenmemiş vergi borcu vardır. Çimento tozu yakındaki okulları tehdit etmektedir.,"Empresa en Lista Negra de Corrupción. Adeuda $110,000 en impuestos. El polvo amenaza escuelas residenciales."
EVT_020_NEWS_APP,Silica dust blankets residential playground; children cough as Titan mixers rumble!,Mahallenin üzerine zehirli çimento tozu çöktü: Çocuk parkının yanı beton santraline döndü!,¡Nube de polvo de sílice cubre patios escolares; camiones de Titan rugen día y noche!
EVT_020_NEWS_REJ,Mayor banishes blacklisted cement firm; suburban neighborhood breathes clean air!,Başkan kara listedeki çimento kartelini kovdu: Mahalleli rahat bir nefes aldı!,¡El alcalde expulsa a la cementera vetada; el vecindario respira aire limpio y puro!
EVT_021_TITLE,Suburban Children's Daycare & Nursery,Mahalle Kreş ve Gündüz Bakımevi,Guardería Infantil y Escuela Infantil Barrial
EVT_021_DESC,The Early Education Trust petitions for a permit to build a 2-floor public child daycare center and outdoor sandpit in the residential quarter.,"Mahalle Çocuk Gelişim Vakfı, çalışan anneler için banliyö mahallesine 2 katlı ücretsiz kreş ve oyun alanı açma ruhsatı talep ediyor.",La Fundación Infantil solicita permiso para construir una guardería pública de 2 pisos con jardín en el barrio residencial.
EVT_021_INSP_NOTES,Proposed 2 floors is well within suburban residential zone codes. Granitic Grade A bedrock. Zero debt. Ministry seal fully verified.,Talep edilen 2 kat konut mahallesi imarına tamamen uygundur. Zemin A sınıfı sağlamdır. Borcu yoktur. Bakanlık mührü orijinaldir.,2 pisos dentro de la normativa residencial. Terreno de roca Clase A. Sin deudas. Sello ministerial legítimo.
EVT_021_NEWS_APP,Free public nursery opens for working families; parents rejoice across suburbs!,Çalışan annelere müjde: Ücretsiz belediye kreşi dualarla ve neşeyle hizmete girdi!,¡Abre guardería pública para familias trabajadoras; júbilo en los barrios obreros!
EVT_021_NEWS_REJ,Mayor shuts down nursery proposal; working mothers protest lack of affordable childcare!,Başkan çocuk kreşini engelledi: Çalışan anneler belediye binası önünde tencere tava çaldı!,¡El alcalde veta guardería infantil; madres trabajadoras protestan frente al consistorio!
EVT_022_TITLE,Riverbed Scrap Metal & Battery Lot,Dere Yatağı Hurdalık ve Akü Geri Dönüşüm Alanı,Desguace y Vertedero de Baterías en Cauce
EVT_022_DESC,Apex Scrap & Heavy Logistics seeks a waiver to store crushed automobiles and lead-acid batteries across 3 floors in the Riverbed Flood Basin.,"Zirve Hurda, Dere Yatağı Taşkın Havzasına hurda araç presleme tesisi ve kurşun asitli akü depolama sahası açmak için ruhsat istiyor.",Apex Scrap solicita autorización para almacenar chatarra y baterías de plomo en la cuenca fluvial de inundación.
EVT_022_INSP_NOTES,Riverbed basin strictly caps height at 2 floors. Extreme flood hazard. Alluvial shifting mud. Counterfeit typo seal on file.,Dere yatağında azami kat 2'dir (başvuru 3 kat). Zemin alüvyon ve kaygandır. Ani su baskını riski yüksektir. Ekli mühür sahtedir.,Límite de 2 pisos en cuenca fluvial (piden 3). Riesgo extremo de inundación. Suelo aluvial inestable. Sello falso.
EVT_022_NEWS_APP,"River flood carries 5,000 leaking car batteries downstream; city water supply tainted with acid!","Sağanak dere yatağındaki hurdalığı bastı: Binlerce akü asidi içme suyuna karıştı, su zehirlendi!",¡Riada arrastra miles de baterías de desguace; el ácido sulfúrico contamina el agua de red!
EVT_022_NEWS_REJ,Mayor bans toxic scrapyard from riverbed; drinking water reserves safeguarded!,Başkan dere yatağına asitli hurdalık açtırmadı: Şehrin su kaynakları korundu!,¡El alcalde veta desguace tóxico en el río; las reservas de agua potable quedan a salvo!
EVT_023_TITLE,Botanical Reserve Public Seed Bank & Nursery,Botanik Rezervi Kamusal Tohum Bankası,Banco Público de Semillas en la Reserva Botánica
EVT_023_DESC,The Municipal Parks Dept applies to construct a 1-floor non-commercial botanical seed bank and greenhouse in the protected Green Belt Reserve.,"Park ve Bahçeler Müdürlüğü, Yeşil Kuşak arazisinde nesli tükenen yerel tohumları korumak için 1 katlı kamusal sera kurmak istiyor.",El Depto. de Parques solicita construir un banco público de semillas y vivero de 1 piso en el Cinturón Verde.
EVT_023_INSP_NOTES,"Zero commercial floors (100% public flora conservation, fully permitted under Green Belt ordinance). Grade A soil. Valid authentic seal.","Ticari kat sayısı 0'dır (tamamen kamusal bitki koruma amaçlıdır, mevzuata uygundur). A sınıfı zemin. Orijinal bakanlık mührü.",Cero pisos comerciales (conservación pública de flora autorizada por ordenanza). Suelo Clase A. Sello legal.
EVT_023_NEWS_APP,Heritage seed sanctuary opens in Green Belt; rare wildflowers reseeded across municipal parks!,Kamusal yerel tohum bankası açıldı: Şehrin parkları rengarenk yerli çiçeklerle donatıldı!,¡Inauguran santuario de semillas autóctonas; flores silvestres repueblan los parques!
EVT_023_NEWS_REJ,Mayor axes public botanical nursery; rare native plants face urban extinction!,Başkan yerel tohum projesini rafa kaldırdı: Şehrin endemik bitkileri yok olma tehlikesiyle karşı karşıya!,¡El alcalde tumba el banco de semillas; la flora autóctona en peligro de extinción!
EVT_024_TITLE,Old Town Skyview VIP Penthouses & Helipad,Tarihi Merkez Helikopter Pisti ve Rezidans,Áticos VIP y Helipuerto en Ciudad Vieja
EVT_024_DESC,"Shadow Finance LLC offers a massive $90,000 cash envelope to construct a 14-floor concrete tower with rooftop helipad inside the Historic Old Town.","Kara listedeki Gölge Finans, Tarihi Merkez'in göbeğine 14 katlı helikopter pistli ultra lüks rezidans dikmek için 90.000 ₺ rüşvet teklif ediyor.","Shadow Finance (en lista negra) ofrece $90,000 de soborno para erigir una torre de 14 pisos con helipuerto en el casco histórico."
EVT_024_INSP_NOTES,"Applicant is blacklisted. Historic code max height is 4 floors (application asks 14). Counterfeit seal. $95,000 tax arrears.",Başvuru sahibi kara listededir. Tarihi merkezde azami kat 4'tür (talep 14 kat). Mühür sahtedir. Şirketin 95.000 ₺ vergi borcu vardır.,"Empresa en lista negra. Límite histórico de 4 pisos (piden 14). Sello falsificado. Deuda fiscal de $95,000."
EVT_024_NEWS_APP,VIP helicopters buzz historic cathedral domes; oligarch penthouse looms over Old Town!,Tarihi cami ve kubbelerin üzerinde VIP helikopterler uçuyor: Gölge Finans tarihi merkeze çöktü!,¡Helicópteros VIP ensordecen la catedral histórica; torre de oligarcas domina la ciudad!
EVT_024_NEWS_REJ,Mayor repels shadowy syndicate; historic old town protected from mafia towers!,Başkan mafya paravanı şirkete geçit vermedi: Tarihi merkezin silüeti kurtarıldı!,¡El alcalde rechaza al consorcio fantasma; se preserva la silueta de la Ciudad Vieja!
EVT_025_TITLE,Elm Middle School Structural Seismic Retrofit,Gazi Ortaokulu Deprem Güçlendirme Projesi,Refuerzo Sísmico del Colegio Público Elm
EVT_025_DESC,The Chamber of Structural Engineers petitions for emergency steel bracing and foundation underpinning for a 3-floor suburban public school.,"Yapı Denetim Mühendisleri Birliği, banliyödeki 3 katlı devlet ortaokulunun olası depreme karşı çelik güçlendirmesi için ruhsat istiyor.",El Colegio de Ingenieros solicita licencia para el refuerzo estructural de acero de una escuela pública de 3 pisos.
EVT_025_INSP_NOTES,Existing 3 floors conforms to residential limits. Seismic retrofitting urgently recommended. Verified Chamber engineering seal.,Mevcut 3 kat imara uygundur. Deprem riskine karşı acilen güçlendirilmesi hayati önem taşımaktadır. Mühendisler Odası vizelidir.,3 pisos dentro del límite residencial. Refuerzo urgente recomendado ante sismos. Sello colegiado legítimo.
EVT_025_NEWS_APP,School seismic retrofitting completed; 600 children study in earthquake-safe classrooms!,Devlet okulu depreme karşı çelikle zırhlandı: 600 öğrenci güvenli sınıflarda derse başladı!,¡Refuerzo sísmico completado; 600 alumnos asisten a clase en aulas 100% seguras!
EVT_025_NEWS_REJ,Mayor rejects school earthquake funds; terrified parents refuse to send children to cracked building!,Başkan okulun güçlendirme bütçesini kesti: Çatlak duvarlı okula veliler çocuklarını göndermiyor!,¡El alcalde niega fondos antisísmicos; padres aterrorizados retiran a sus hijos por grietas!
EVT_026_TITLE,Delta Sand & Gravel Silo Depots,Delta Agrega ve Çimento Siloları,Silos de Áridos y Gravas Delta en Cauce
EVT_026_DESC,Delta Bulk Aggregates applies to construct six 6-floor concrete storage silos on the muddy riverbanks of the Riverbed Flood Basin.,"Delta Agrega, dere yatağının kaygan çamurlu kıyısına 6 kat yüksekliğinde dev çimento ve çakıl siloları kurmak istiyor.",Delta Áridos solicita erigir 6 silos de hormigón de 6 pisos en la ribera fangosa de la cuenca fluvial.
EVT_026_INSP_NOTES,"Riverbed basin caps height at 2 floors (proposed 6 floors). Geotechnical hazard: shifting alluvial mud. $52,000 unpaid municipal tax debt.",Dere yatağında azami kat 2'dir (başvuru 6 kattır). Zemin sıvılaşmaya müsait kaygan balçıktır. Firmanın 52.000 ₺ vergi borcu vardır.,"Límite de 2 pisos en cuenca fluvial (proponen 6). Lodo aluvial inestable. Deuda tributaria de $52,000."
EVT_026_NEWS_APP,Massive concrete silo collapses into river after heavy rain; mud and cement choke city storm drains!,"Yağmurda dere yatağı çöktü: Dev çimento silosu devrildi, nehir gri çamur deryasına döndü!",¡Silo de cemento colapsa en el río tras tormenta; lodo y hormigón taponan los desagües!
EVT_026_NEWS_REJ,Mayor rejects dangerous riverbed silos; flash flood waterway kept clear!,Başkan dere yatağına dev silolar dikilmesini engelledi: Nehir yatağı temiz tutuldu!,¡El alcalde veta silos peligrosos en el río; cauce despejado ante riadas imprevistas!
EVT_027_TITLE,Ancient Byzantine Cistern Cultural Space,Tarihi Yeraltı Sarnıcı Kültür ve Müze Alanı,Espacio Cultural en la Cisterna Bizantina
EVT_027_DESC,The Antiquities Conservation Trust requests approval to convert an underground 1-floor historic cistern into a public exhibition museum.,"Tarihi Eserleri Koruma Vakfı, yeraltında bulunan 1 katlı antik su sarnıcını halka açık aydınlatmalı kültür merkezine çevirmek için izin istiyor.",El Fideicomiso de Antigüedades solicita habilitar una cisterna subterránea de 1 piso como sala de exposiciones pública.
EVT_027_INSP_NOTES,"Proposed height is 1 floor underground, well within historic limits. Structural stone arches in excellent condition. Zero debt. Authentic seal.",1 katlı yeraltı yapısı tarihi imara tamamen uygundur. Tarihi taş kemerler sapasağlamdır. Vergi borcu yoktur. Mühür orijinaldir.,1 piso subterráneo acorde a la norma histórica. Arcos de piedra en excelente estado. Sin deudas. Sello legal.
EVT_027_NEWS_APP,Subterranean cistern reopens as art hall; classical music echoes beneath historic streets!,Tarihi yeraltı sarnıcı büyüleyici bir sanat merkezine dönüştü: Taş kemerler altında klasik müzik yankılanıyor!,¡Antigua cisterna reabre como sala de arte; música clásica bajo las calles históricas!
EVT_027_NEWS_REJ,Mayor locks doors on ancient cistern museum; subterranean marvel left neglected in darkness!,Başkan tarihi sarnıç müzesine onay vermedi: Bin yıllık kültür mirası karanlığa ve rutubete terk edildi!,¡El alcalde clausura el proyecto de la cisterna; maravilla subterránea abandonada a oscuras!
EVT_028_TITLE,Golden Mirage Waterpark & Casino,Altın Serap Kumarhane ve Su Parkı,Casino y Parque Acuático Espejismo Dorado
EVT_028_DESC,"Golden Amusement Ventures offers $95,000 cash to construct a 12-floor neon casino resort inside the protected Green Belt Reserve.","Kara listedeki Altın Dinopark grubu, Yeşil Kuşak Botanik Rezervinin ortasına 12 katlı ışıklı kumarhane ve su parkı yapmak için 95.000 ₺ teklif ediyor.","Golden Amusement (en lista negra) ofrece $95,000 para erigir un complejo de casino de 12 pisos en el Cinturón Verde."
EVT_028_INSP_NOTES,Applicant is on corruption blacklist. Green Belt allows 0 commercial floors (application requests 12). Counterfeit typo seal.,Başvuran firma yolsuzluk kara listesindedir. Yeşil kuşakta ticari yapılaşma 0 kattır (başvuru 12 kat). Bakanlık mührü sahtedir.,Empresa en lista negra. El Cinturón Verde prohíbe pisos comerciales (piden 12). Sello falsificado.
EVT_028_NEWS_APP,Neon roulette wheels spin in botanical reserve; rare deer flee as drunk gamblers party!,Botanik bahçesinin ortasında neon ışıklı rulet çarkları dönüyor: Sarhoş kumarbazlar milli parkı bastı!,¡Ruletas de neón giran en la reserva botánica; ciervos huyen ante hordas de jugadores ebrios!
EVT_028_NEWS_REJ,Mayor crushes mob casino scheme in public park; environmentalists applaud strict integrity!,Başkan yeşil alandaki kaçak kumarhaneyi engelledi: Rant çetelerine tokat gibi ret!,¡El alcalde aplasta el casino clandestino en el parque; ambientalistas ovacionan su firmeza!
EVT_029_TITLE,Municipal Fire Dept Engine House Modernization,İtfaiye Teşkilatı 4 Nolu Garaj ve İstasyon Projesi,Modernización del Parque de Bomberos Municipal Nº 4
EVT_029_DESC,The Firefighters Union petitions to erect a 2-floor maintenance garage and heavy ladder bay in the Industrial Port District.,"İtfaiyeciler Birliği, Sanayi Liman Bölgesine yangınlara hızlı müdahale için 2 katlı modern araç hangarı ve istasyon yapmak istiyor.",El Sindicato de Bomberos solicita erigir un garaje de 2 pisos para camiones escala en el Distrito Industrial.
EVT_029_INSP_NOTES,Proposed 2 floors is well below industrial zone limit of 6 floors. Bedrock is solid Grade A granite. Chamber verified. Zero debt.,"Talep edilen 2 kat, sanayi bölgesindeki 6 kat sınırının oldukça altındadır. Zemin A sınıfı granittir. Oda vizeli ve borçsuz.",2 pisos muy por debajo del límite de 6 en zona industrial. Roca firme Clase A. Verificado y sin deudas.
EVT_029_NEWS_APP,New modern firehouse cuts response times to 4 minutes; industrial port safety guaranteed!,"Yeni itfaiye istasyonu açıldı: Yangına müdahale süresi 4 dakikaya indi, liman esnafı güvende!",¡Nuevo parque de bomberos reduce respuesta a 4 minutos; seguridad blindada en el puerto industrial!
EVT_029_NEWS_REJ,Mayor refuses fire station expansion; port warehouse ablaze as old fire engines break down!,Başkan itfaiye garajını reddetti: Limandaki fabrika yangınına müdahale edecek araç bulunamadı!,¡El alcalde frena el parque de bomberos; almacén arde sin que los viejos camiones den abasto!
EVT_030_TITLE,Falcon Sky Luxury Tower 42-Floor Spire,Şahin Kule 42 Katlı Lüks Gökdelen Başvurusu,Rascacielos Torre Halcón de 42 Pisos
EVT_030_DESC,"MegaCorp Holdings offers an $80,000 bribe to build a 42-floor glass skyscraper in Central Downtown, blowing past the statutory 35-floor height cap.","Kara listedeki Mega Yapı, Merkez Ticaret Bölgesindeki 35 kat sınırını delerek 42 katlı gökdelen dikmek için 80.000 ₺ rüşvet teklif ediyor.","MegaCorp (en lista negra) ofrece un soborno de $80,000 para levantar una torre de 42 pisos en el centro, violando el tope de 35."
EVT_030_INSP_NOTES,"Applicant is on corruption blacklist. Central Core limits height to 35 floors (survey shows 42 floors). Outstanding tax debt of $135,000.",Şirket yolsuzluk kara listesindedir. Merkezde azami kat 35'tir (teknik ölçüm 42 kat). Belediyeye 135.000 ₺ vergi borcu bulunmaktadır.,"Empresa en lista negra. Límite de 35 pisos en el centro (medición da 42 pisos). Deuda fiscal de $135,000."
EVT_030_NEWS_APP,Illegal 42-floor monolith blocks sunlight across downtown; MegaCorp CEO toasts Mayor on yacht!,"Yasal sınır delindi: Şehrin üzerine 42 katlı ucube gökdelen dikildi, Başkan ile müteahhit yatta kutladı!",¡Torre ilegal de 42 pisos tapa el sol en el centro; el CEO de MegaCorp brinda con el alcalde!
EVT_030_NEWS_REJ,Mayor enforces downtown height cap; MegaCorp's illegal skyscraper permits revoked!,Başkan gökdelen lobisine boyun eğmedi: 35 kat kuralını aşan kaçak kule iptal edildi!,¡El alcalde hace cumplir el tope de altura; cancelan el rascacielos ilegal de MegaCorp!
EVT_031_TITLE,Community Youth Wrestling & Sports Pavilion,Mahalle Gençlik Güreş ve Spor Salonu,Pabellón Polideportivo Juvenil del Barrio
EVT_031_DESC,The District Youth Sports Foundation applies for a permit to build a 2-floor public wrestling pavilion and indoor basketball gym.,"Semt Gençlik Spor Vakfı, gençleri kötü alışkanlıklardan korumak için 2 katlı ücretsiz güreş ve basketbol salonu inşa izni istiyor.",La Fundación Deportiva solicita permiso para erigir un pabellón cubierto de 2 pisos para lucha y baloncesto juvenil.
EVT_031_INSP_NOTES,2 floors strictly conforms to residential zoning code. Granitic Grade A bedrock. Zero tax arrears. Verified authentic Ministry seal.,2 kat suburban konut bölgesine tamamen uygundur. Zemin A sınıfı sağlamdır. Vergi borcu yoktur. Bakanlık mührü orijinaldir.,2 pisos dentro de la normativa residencial. Suelo granítico Clase A. Sin deudas. Sello ministerial legítimo.
EVT_031_NEWS_APP,Youth wrestling gym opens with gold medal ambitions; dozens of teenagers pack training mats!,"Gençlik spor salonu coşkuyla açıldı: Minderler doldu taştı, şampiyonlar yetişiyor!",¡Abre polideportivo juvenil entre vítores; decenas de jóvenes entrenan en tatamis seguros!
EVT_031_NEWS_REJ,Mayor denies youth athletic facility; neighborhood youth left with no sports facilities!,Başkan gençlik spor salonunu veto etti: Gençler sokak köşelerine ve kahvehanelere terk edildi!,¡El alcalde niega el pabellón deportivo; los jóvenes del barrio quedan desamparados!
EVT_032_TITLE,Old Quarter Brutalist Multi-Storey Car Park,Tarihi Çarşı Çok Katlı Beton Otoparkı,Aparcamiento Brutalista en el Casco Antiguo
EVT_032_DESC,"Imperial Parking Ltd offers $55,000 under the table to construct a 7-floor exposed raw concrete multi-storey parking deck in the Historic Old Town.","İmparator Otopark, Tarihi Merkezin ortasına 7 katlı çirkin brüt beton otopark inşa etmek için masanın altından 55.000 ₺ rüşvet uzatıyor.","Aparcamientos Imperiales ofrece $55,000 bajo mano para levantar un aparcamiento de hormigón visto de 7 pisos en la Ciudad Vieja."
EVT_032_INSP_NOTES,"Historic Old Town strictly limits height to 4 floors (application requests 7). Attached seal expired in 2022. $38,000 municipal tax arrears.",Tarihi bölgede azami kat 4'tür (talep 7 kat). Sunulan ruhsat mührü 2022'de süresi dolmuş eski mühürdür. 38.000 ₺ vergi borcu mevcuttur.,"Zona histórica limita a 4 pisos (piden 7). Sello presentado venció en 2022. Deuda fiscal de $38,000."
EVT_032_NEWS_APP,Grey concrete garage looms over historic cobblestone quarter; diesel fumes choke historic square!,Tarihi çarşının bağrına 7 katlı beton otopark dikildi: Egzoz dumanı tarihi konakları kararttı!,¡Garaje brutalista aplasta el encanto de la Ciudad Vieja; humos de diésel asfixian la plaza!
EVT_032_NEWS_REJ,Mayor defends historic heritage from ugly car garage; pedestrian promenade planned instead!,Başkan tarihi merkeze çirkin otopark yaptırmadı: Alan yayalaştırılarak halka açılacak!,¡El alcalde salva el casco antiguo del aparcamiento; anuncian paseo peatonal en su lugar!
EVT_033_TITLE,Pine Valley VIP Glamping & Open-Air Club,Çamlı Vadi VIP Lüks Kamp ve Gece Kulübü,Glamping VIP y Discoteca al Aire Libre en Valle de Pinos
EVT_033_DESC,"Alpine Hospitality offers a $65,000 briefcase to build a 3-floor private VIP cocktail lounge, bungalows, and open-air party stage in the Green Belt.","Yayla Lüks Eğlence, Yeşil Kuşak Orman Rezervine 3 katlı VIP kokteyl kulübü, bungalovlar ve gece kulübü sahneleri kurmak için 65.000 ₺ teklif ediyor.","Glamping Alpino ofrece $65,000 en maletín para instalar un club VIP de 3 pisos con bungalows y discoteca en el Cinturón Verde."
EVT_033_INSP_NOTES,Green Belt Reserve prohibits commercial construction (0 commercial floors allowed). Ministry seal is a typo forgery. High wildfire risk.,Yeşil Kuşakta ticari yapılaşma kesinlikle 0 kattır (başvuru 3 kat). Mühür sahtedir. Orman yangını ve gürültü riski yüksektir.,El Cinturón Verde prohíbe edificios comerciales (cero pisos permitidos). Sello falso con erratas. Alto riesgo de incendios.
EVT_033_NEWS_APP,Bass reverberates through protected forest till 4 AM; wild animals flee VIP party resort!,Milli parkta sabah 4'e kadar çılgın parti: Koruma altındaki ormanda müzik ve nargile sesleri yankılanıyor!,¡Música tecno retumba en el bosque protegido hasta las 4 AM; la fauna salvaje huye del club VIP!
EVT_033_NEWS_REJ,Mayor preserves tranquil nature reserve; illegal party club kicked out of city woods!,Başkan doğayı parti rantına yedirmedi: Yeşil Kuşak huzurlu ve temiz kaldı!,¡El alcalde expulsa el club de fiestas del bosque protegido; la naturaleza sigue en calma!
EVT_034_TITLE,Riverbed Chemical Flammable Solvent Depot,Dere Yatağı Yanıcı Kimyasal Madde Deposu,Depósito de Disolventes Inflamables en Cauce
EVT_034_DESC,"EcoChem Petrochem offers $70,000 to construct a 4-floor heavy storage facility for flammable solvents directly in the Riverbed Basin.","Kara listedeki Eko-Kimya, dere yatağının ortasına yanıcı solvent ve kimyasal madde depolamak için 4 katlı tesis ruhsatına 70.000 ₺ rüşvet öneriyor.","Petroquímica EcoChem (en lista negra) ofrece $70,000 para construir un almacén de 4 pisos de disolventes inflamables en el cauce fluvial."
EVT_034_INSP_NOTES,"EcoChem is on corruption blacklist. Riverbed capped at 2 floors (asks 4). Alluvial flood mud. Counterfeit seal. $60,000 tax arrears.",Firma kara listededir. Dere yatağında azami kat 2'dir (başvuru 4 kat). Zemin taşkın balçığıdır. Mühür sahtedir. 60.000 ₺ vergi borcu vardır.,"EcoChem en lista negra. Límite de 2 pisos en cuenca (piden 4). Lodo aluvial inestable. Sello falsificado. Deuda de $60,000."
EVT_034_NEWS_APP,Flash flood ruptures chemical storage tanks; blazing river flows through suburbs!,"Dere taştı, kimyasal tanklar patladı: Alev alev yanan nehir banliyö mahallesine aktı!",¡Inundación revienta tanques de disolvente; un río de fuego ardiente avanza hacia los suburbios!
EVT_034_NEWS_REJ,Mayor stops dangerous chemical depot; catastrophic environmental disaster averted!,Başkan zehirli kimyasal deposuna geçit vermedi: Şehir korkunç bir çevre felaketinden döndü!,¡El alcalde bloquea depósito químico letal; se evita una catástrofe ambiental sin precedentes!
